Name,Age,Gender,Address
Michael Wilson,24,Male,474 Elm St, Springfield, CO
Michael Smith,35,Female,807 Maple St, Denver, TX
Laura Martinez,33,Female,825 Elm St, Miami, WA
Emily Thomas,59,Male,403 Maple St, Austin, CO
James Martinez,34,Female,180 Elm St, Austin, CO
James Wilson,33,Male,433 Maple St, Springfield, FL
Linda Doe,33,Female,986 Oak Ave, Springfield, WA
Linda Taylor,41,Female,660 Oak Ave, Miami, WA
Emily Doe,69,Male,864 Elm St, Springfield, WA
Jane Smith,26,Male,344 Cedar Rd, Miami, CO
Chris Martinez,76,Male,423 Oak Ave, Austin, FL
James Davis,46,Female,553 Pine Ln, Miami, TX
Sarah Brown,19,Male,672 Elm St, Miami, CO
Jane Smith,36,Male,732 Maple St, Miami, IL
Emily Doe,30,Female,127 Elm St, Austin, TX
Emily Brown,73,Male,489 Oak Ave, Austin, FL
Chris Davis,20,Female,173 Elm St, Seattle, IL
James Brown,40,Female,109 Cedar Rd, Denver, TX
Emily Johnson,20,Male,470 Maple St, Denver, TX
Linda Martinez,37,Male,866 Pine Ln, Austin, IL
Michael Smith,43,Male,781 Elm St, Seattle, IL
Sarah Thomas,30,Female,386 Maple St, Springfield, WA
Linda Davis,62,Female,847 Elm St, Springfield, CO
Michael Anderson,42,Female,909 Pine Ln, Miami, FL
James Taylor,24,Female,201 Oak Ave, Seattle, IL
Emily Smith,52,Female,582 Oak Ave, Denver, CO
James Smith,48,Male,803 Elm St, Miami, IL
Emily Wilson,35,Female,567 Elm St, Denver, TX
David Johnson,52,Female,899 Pine Ln, Austin, FL
Linda Brown,40,Female,962 Elm St, Austin, CO
Chris Brown,62,Male,793 Pine Ln, Miami, WA
Jane Davis,61,Female,294 Cedar Rd, Springfield, IL
Chris Wilson,21,Male,570 Maple St, Denver, FL
Emily Doe,44,Male,368 Elm St, Springfield, TX
Laura Taylor,69,Female,407 Oak Ave, Miami, FL
Laura Anderson,45,Male,844 Pine Ln, Seattle, FL
Sarah Anderson,40,Male,307 Pine Ln, Austin, WA
Laura Doe,33,Male,175 Maple St, Denver, FL
Chris Martinez,69,Female,923 Oak Ave, Springfield, CO
Laura Brown,74,Female,487 Oak Ave, Seattle, TX
Linda Davis,80,Male,750 Cedar Rd, Springfield, FL
Emily Davis,59,Female,318 Pine Ln, Springfield, FL
James Davis,18,Male,732 Oak Ave, Austin, WA
Michael Anderson,50,Female,753 Maple St, Austin, CO
Linda Johnson,62,Female,721 Maple St, Denver, IL
Jane Doe,74,Female,479 Pine Ln, Denver, WA
James Davis,24,Female,284 Pine Ln, Austin, CO
Chris Brown,34,Female,422 Oak Ave, Austin, TX
David Wilson,49,Female,636 Cedar Rd, Denver, FL
Sarah Taylor,70,Female,110 Cedar Rd, Austin, TX
Michael Taylor,74,Female,984 Cedar Rd, Denver, TX
John Wilson,65,Female,412 Maple St, Denver, WA
John Wilson,29,Female,428 Maple St, Denver, TX
James Thomas,52,Female,819 Pine Ln, Miami, WA
David Anderson,43,Female,649 Pine Ln, Seattle, WA
Chris Davis,65,Male,209 Elm St, Austin, TX
Emily Brown,68,Male,570 Oak Ave, Miami, WA
Linda Smith,63,Male,131 Maple St, Springfield, CO
Laura Taylor,23,Female,287 Maple St, Springfield, FL
James Anderson,58,Male,844 Maple St, Miami, CO
Emily Wilson,33,Male,899 Elm St, Denver, IL
Sarah Smith,52,Male,907 Elm St, Miami, CO
Laura Thomas,35,Male,497 Maple St, Austin, IL
Chris Anderson,34,Female,350 Pine Ln, Miami, WA
Emily Wilson,57,Male,323 Elm St, Miami, WA
Emily Davis,59,Female,570 Cedar Rd, Denver, FL
Chris Thomas,55,Male,169 Pine Ln, Miami, TX
Michael Anderson,49,Male,379 Elm St, Springfield, IL
James Johnson,77,Female,249 Pine Ln, Springfield, FL
Linda Brown,57,Female,369 Pine Ln, Austin, IL
Sarah Johnson,33,Male,215 Maple St, Seattle, TX
James Anderson,59,Female,418 Pine Ln, Springfield, WA
Emily Taylor,35,Male,584 Cedar Rd, Miami, CO
David Wilson,29,Female,810 Oak Ave, Miami, WA
Linda Thomas,80,Male,912 Pine Ln, Austin, IL
Emily Martinez,64,Female,875 Pine Ln, Springfield, IL
Sarah Taylor,65,Male,396 Pine Ln, Springfield, WA
Emily Martinez,60,Female,807 Elm St, Seattle, CO
Emily Smith,78,Male,333 Pine Ln, Austin, WA
Laura Johnson,25,Male,535 Oak Ave, Seattle, FL
Jane Martinez,52,Male,599 Pine Ln, Miami, FL
Sarah Wilson,73,Female,603 Pine Ln, Springfield, FL
John Davis,73,Male,958 Pine Ln, Austin, IL
Chris Martinez,38,Male,537 Oak Ave, Seattle, WA
Emily Davis,30,Female,600 Maple St, Miami, WA
Sarah Anderson,21,Female,909 Pine Ln, Denver, IL
John Martinez,50,Female,115 Maple St, Miami, WA
Linda Davis,75,Male,445 Pine Ln, Seattle, CO
Michael Anderson,18,Female,670 Elm St, Austin, CO
Michael Davis,18,Female,376 Pine Ln, Seattle, TX
Michael Doe,54,Female,418 Oak Ave, Springfield, FL
Laura Thomas,74,Female,290 Oak Ave, Denver, CO
John Doe,61,Female,203 Cedar Rd, Springfield, TX
Sarah Doe,75,Male,350 Pine Ln, Springfield, IL
Laura Brown,65,Male,172 Maple St, Austin, TX
David Martinez,41,Male,195 Cedar Rd, Seattle, TX
Emily Taylor,21,Male,800 Cedar Rd, Seattle, CO
Sarah Wilson,21,Male,333 Oak Ave, Seattle, IL
Michael Wilson,79,Female,428 Oak Ave, Springfield, TX
John Wilson,58,Male,239 Elm St, Miami, TX
